input,conversion,model,run,cold_server,state,wall_s,prefill_s,prefill_tokens_evaluated,image_from_cache,gen_s,gen_tokens,tok_per_s,hit_token_cap,sequence_pct,recall_pct,precision_pct,figures_exact,table_match_pct,psnr_db,ocr_recall_pct,pixel_exact,picture_exact_or_identical
text_only_1page.pdf,pdf_docx,True,1,True,ok,77.53,17.02,1133,False,59.71,693,11.61,False,78.4,100.0,97.1,True,,,,
text_only_1page.pdf,pdf_docx,True,2,False,ok,54.55,0.1,1,True,53.68,637,11.87,False,76.4,100.0,97.7,True,,,,
text_only_1page.pdf,pdf_docx,True,3,False,ok,56.01,0.11,1,True,55.15,637,11.55,False,76.4,100.0,97.7,True,,,,
text_only_1page.pdf,pdf_xlsx,True,1,True,ok,79.76,18.5,1133,False,60.56,693,11.44,False,78.8,100.0,97.1,True,,,,
text_only_1page.pdf,pdf_xlsx,True,2,False,ok,56.53,0.11,1,True,55.7,637,11.44,False,77.1,100.0,97.7,True,,,,
text_only_1page.pdf,pdf_xlsx,True,3,False,ok,55.39,0.1,1,True,54.6,637,11.67,False,77.1,100.0,97.7,True,,,,
text_only_1page.pdf,pdf_pptx,True,1,True,ok,78.35,18.22,1133,False,59.44,693,11.66,False,78.8,100.0,97.1,True,,,,
text_only_1page.pdf,pdf_pptx,True,2,False,ok,55.24,0.11,1,True,54.41,637,11.71,False,78.0,100.0,97.7,True,,,,
text_only_1page.pdf,pdf_pptx,True,3,False,ok,55.36,0.11,1,True,54.51,637,11.69,False,78.0,100.0,97.7,True,,,,
text_only_1page.pdf,pdf_txt,True,1,True,ok,78.31,18.18,1133,False,59.67,693,11.61,False,98.6,100.0,100.0,True,,,,
text_only_1page.pdf,pdf_txt,True,2,False,ok,56.56,0.11,1,True,55.89,637,11.4,False,91.0,100.0,100.0,True,,,,
text_only_1page.pdf,pdf_txt,True,3,False,ok,57.63,0.14,1,True,56.95,637,11.18,False,91.0,100.0,100.0,True,,,,
text_only_1page.pdf,pdf_jpg,False,1,False,ok,1.27,,,,,,,False,,,,,,44.3,100,
text_only_1page.pdf,pdf_jpg,False,2,False,ok,1.22,,,,,,,False,,,,,,44.3,100,
text_only_1page.pdf,pdf_jpg,False,3,False,ok,1.27,,,,,,,False,,,,,,44.3,100,
text_only_1page.pdf,pdf_jpeg,False,1,False,ok,1.22,,,,,,,False,,,,,,44.3,100,
text_only_1page.pdf,pdf_jpeg,False,2,False,ok,1.27,,,,,,,False,,,,,,44.3,100,
text_only_1page.pdf,pdf_jpeg,False,3,False,ok,1.27,,,,,,,False,,,,,,44.3,100,
text_only_1page.pdf,pdf_tiff,False,1,False,ok,1.92,,,,,,,False,,,,,,,,True
text_only_1page.pdf,pdf_tiff,False,2,False,ok,1.87,,,,,,,False,,,,,,,,True
text_only_1page.pdf,pdf_tiff,False,3,False,ok,1.92,,,,,,,False,,,,,,,,True
sample.pdf,pdf_docx,True,1,True,ok,44.0,18.4,1133,False,25.03,300,11.98,False,100.0,100.0,100.0,True,100,,,
sample.pdf,pdf_docx,True,2,False,ok,27.46,0.11,1,True,26.75,316,11.81,False,100.0,100.0,100.0,True,100,,,
sample.pdf,pdf_docx,True,3,False,ok,27.48,0.1,1,True,26.74,316,11.82,False,100.0,100.0,100.0,True,100,,,
sample.pdf,pdf_xlsx,True,1,True,ok,44.3,18.4,1133,False,25.36,300,11.83,False,100.0,100.0,100.0,True,100,,,
sample.pdf,pdf_xlsx,True,2,False,ok,29.43,0.1,1,True,28.7,316,11.01,False,100.0,100.0,100.0,True,100,,,
sample.pdf,pdf_xlsx,True,3,False,ok,29.84,0.11,1,True,29.07,316,10.87,False,100.0,100.0,100.0,True,100,,,
sample.pdf,pdf_pptx,True,1,True,ok,46.41,20.1,1133,False,25.67,300,11.69,False,100.0,100.0,100.0,True,100,,,
sample.pdf,pdf_pptx,True,2,False,ok,27.76,0.13,1,True,26.97,316,11.72,False,100.0,100.0,100.0,True,100,,,
sample.pdf,pdf_pptx,True,3,False,ok,27.46,0.1,1,True,26.77,316,11.8,False,100.0,100.0,100.0,True,100,,,
sample.pdf,pdf_txt,True,1,True,ok,45.76,19.15,1133,False,26.18,300,11.46,False,98.6,100.0,100.0,True,100,,,
sample.pdf,pdf_txt,True,2,False,ok,29.42,0.13,1,True,28.82,316,10.96,False,98.6,100.0,100.0,True,100,,,
sample.pdf,pdf_txt,True,3,False,ok,27.82,0.12,1,True,27.18,316,11.63,False,98.6,100.0,100.0,True,100,,,
sample.pdf,pdf_jpg,False,1,False,ok,0.72,,,,,,,False,,,,,,51.47,95,
sample.pdf,pdf_jpg,False,2,False,ok,0.72,,,,,,,False,,,,,,51.47,95,
sample.pdf,pdf_jpg,False,3,False,ok,0.72,,,,,,,False,,,,,,51.47,95,
sample.pdf,pdf_jpeg,False,1,False,ok,0.67,,,,,,,False,,,,,,51.47,95,
sample.pdf,pdf_jpeg,False,2,False,ok,0.67,,,,,,,False,,,,,,51.47,95,
sample.pdf,pdf_jpeg,False,3,False,ok,0.67,,,,,,,False,,,,,,51.47,95,
sample.pdf,pdf_tiff,False,1,False,ok,1.27,,,,,,,False,,,,,,,,True
sample.pdf,pdf_tiff,False,2,False,ok,1.32,,,,,,,False,,,,,,,,True
sample.pdf,pdf_tiff,False,3,False,ok,1.27,,,,,,,False,,,,,,,,True
hi.png,img_docx,True,1,True,ok,31.45,19.67,1170,False,11.28,131,11.61,False,100.0,100.0,100.0,True,,,,
hi.png,img_docx,True,2,False,ok,13.12,0.14,1,True,12.45,131,10.52,False,100.0,100.0,100.0,True,,,,
hi.png,img_docx,True,3,False,ok,11.7,0.11,1,True,11.09,131,11.81,False,100.0,100.0,100.0,True,,,,
hi.png,img_pdf,True,1,True,ok,31.31,19.67,1170,False,10.67,131,12.28,False,100.0,100.0,100.0,True,,,,
hi.png,img_pdf,True,2,False,ok,12.16,0.12,1,True,11.12,131,11.78,False,100.0,100.0,100.0,True,,,,
hi.png,img_pdf,True,3,False,ok,12.01,0.1,1,True,11.0,131,11.91,False,100.0,100.0,100.0,True,,,,
hi.png,img_xlsx,True,1,True,failed,30.76,19.76,1170,False,10.67,131,12.28,False,,,,,,,,
hi.png,img_xlsx,True,2,False,failed,11.56,0.11,1,True,11.07,131,11.84,False,,,,,,,,
hi.png,img_xlsx,True,3,False,failed,11.76,0.18,1,True,11.22,131,11.67,False,,,,,,,,
hi.png,img_docx_pic,False,1,False,ok,0.31,,,,,,,False,,,,,,,,True
hi.png,img_docx_pic,False,2,False,ok,0.31,,,,,,,False,,,,,,,,True
hi.png,img_docx_pic,False,3,False,ok,0.27,,,,,,,False,,,,,,,,True
sample_125dpi.png,img_docx,True,1,True,ok,57.11,18.67,1133,False,37.75,420,11.13,False,98.6,100.0,100.0,True,100,,,
sample_125dpi.png,img_docx,True,2,False,ok,41.18,0.13,1,True,40.37,436,10.8,False,98.6,100.0,100.0,True,100,,,
sample_125dpi.png,img_docx,True,3,False,ok,41.6,0.1,1,True,40.83,436,10.68,False,98.6,100.0,100.0,True,100,,,
sample_125dpi.png,img_pdf,True,1,True,ok,57.0,19.77,1133,False,36.15,420,11.62,False,98.6,100.0,100.0,True,100,,,
sample_125dpi.png,img_pdf,True,2,False,ok,38.94,0.13,1,True,37.68,436,11.57,False,98.6,100.0,100.0,True,100,,,
sample_125dpi.png,img_pdf,True,3,False,ok,38.75,0.12,1,True,37.52,436,11.62,False,98.6,100.0,100.0,True,100,,,
sample_125dpi.png,img_xlsx,True,1,True,ok,56.57,18.5,1133,False,37.43,420,11.22,False,98.6,100.0,100.0,True,100,,,
sample_125dpi.png,img_xlsx,True,2,False,ok,42.24,0.12,1,True,41.41,436,10.53,False,98.6,100.0,100.0,True,100,,,
sample_125dpi.png,img_xlsx,True,3,False,ok,38.6,0.11,1,True,37.81,436,11.53,False,98.6,100.0,100.0,True,100,,,
sample_125dpi.png,img_docx_pic,False,1,False,ok,0.27,,,,,,,False,,,,,,,,True
sample_125dpi.png,img_docx_pic,False,2,False,ok,0.26,,,,,,,False,,,,,,,,True
sample_125dpi.png,img_docx_pic,False,3,False,ok,0.26,,,,,,,False,,,,,,,,True
text_only_1page.pdf,docx_pdf@pdf_docx,False,1,False,check,0.77,,,,,,,False,76.9,100.0,97.1,True,,,,
text_only_1page.pdf,docx_pdf@pdf_docx,False,2,False,check,0.72,,,,,,,False,76.9,100.0,97.1,True,,,,
text_only_1page.pdf,docx_pdf@pdf_docx,False,3,False,check,0.62,,,,,,,False,76.9,100.0,97.1,True,,,,
text_only_1page.pdf,tiff_pdf@pdf_tiff,False,1,False,ok,2.22,,,,,,,False,93.7,99.4,100.0,True,,,,True
text_only_1page.pdf,tiff_pdf@pdf_tiff,False,2,False,ok,2.38,,,,,,,False,93.7,99.4,100.0,True,,,,True
text_only_1page.pdf,tiff_pdf@pdf_tiff,False,3,False,ok,2.27,,,,,,,False,93.7,99.4,100.0,True,,,,True
text_only_1page.pdf,tiff_pdf_pic@pdf_tiff,False,1,False,ok,0.92,,,,,,,False,,,,,,,,True
text_only_1page.pdf,tiff_pdf_pic@pdf_tiff,False,2,False,ok,0.92,,,,,,,False,,,,,,,,True
text_only_1page.pdf,tiff_pdf_pic@pdf_tiff,False,3,False,ok,0.97,,,,,,,False,,,,,,,,True
sample.pdf,docx_pdf@pdf_docx,False,1,False,ok,0.72,,,,,,,False,100.0,100.0,100.0,True,100,,,
sample.pdf,docx_pdf@pdf_docx,False,2,False,ok,0.67,,,,,,,False,100.0,100.0,100.0,True,100,,,
sample.pdf,docx_pdf@pdf_docx,False,3,False,ok,0.62,,,,,,,False,100.0,100.0,100.0,True,100,,,
sample.pdf,tiff_pdf@pdf_tiff,False,1,False,ok,1.57,,,,,,,False,94.4,97.5,97.5,True,75,,,True
sample.pdf,tiff_pdf@pdf_tiff,False,2,False,ok,1.52,,,,,,,False,94.4,97.5,97.5,True,75,,,True
sample.pdf,tiff_pdf@pdf_tiff,False,3,False,ok,1.52,,,,,,,False,94.4,97.5,97.5,True,75,,,True
sample.pdf,tiff_pdf_pic@pdf_tiff,False,1,False,ok,0.82,,,,,,,False,,,,,,,,True
sample.pdf,tiff_pdf_pic@pdf_tiff,False,2,False,ok,0.82,,,,,,,False,,,,,,,,True
sample.pdf,tiff_pdf_pic@pdf_tiff,False,3,False,ok,0.92,,,,,,,False,,,,,,,,True
hi.png,docx_pdf@img_docx,False,1,False,ok,0.67,,,,,,,False,100.0,100.0,100.0,True,,,,
hi.png,docx_pdf@img_docx,False,2,False,ok,0.62,,,,,,,False,100.0,100.0,100.0,True,,,,
hi.png,docx_pdf@img_docx,False,3,False,ok,0.72,,,,,,,False,100.0,100.0,100.0,True,,,,
sample_125dpi.png,docx_pdf@img_docx,False,1,False,ok,0.67,,,,,,,False,98.6,100.0,100.0,True,100,,,
sample_125dpi.png,docx_pdf@img_docx,False,2,False,ok,0.72,,,,,,,False,98.6,100.0,100.0,True,100,,,
sample_125dpi.png,docx_pdf@img_docx,False,3,False,ok,0.67,,,,,,,False,98.6,100.0,100.0,True,100,,,
